kinsou-no-vermeil--gakeppuchi-majutsushi-wa-saikyou-no-yakusai-to-mahou-sekai-wo-tsukisusumu-0002.mp4,https://gogo-cdn.com/download.php?url=aHR0cHM6LyURASDGHUSRFSJGYfdsffsderFStewthsfSFtrfteAdeqwrwedffryretgsdFrsftrsvfsfsrsdf9jZG54MDcuYW5pY2FjaGUubmV0L3VzZXIxMzQyL2M0YWZkZDMyNDlkMDE0OTk1YzNiODllMmZjMzkxZGRiL0VQLjIudjAuMTY1NzY4NTQwOC4xMDgwcC5tcDQ/dG9rZW49RE1iZjl0NWJxaU5yUmFWNFlwU0NpUSZleHBpcmVzPTE2NTkwMDI4MDAmaWQ9MTg5MDU2,20220728082003
kinsou-no-vermeil--gakeppuchi-majutsushi-wa-saikyou-no-yakusai-to-mahou-sekai-wo-tsukisusumu-0003.mp4,https://gogo-cdn.com/download.php?url=aHR0cHM6LyAdeqwrwedffryretgsdFrsftrsvfsfsr9jZG54MDURASDGHUSRFSJGYfdsffsderFStewthsfSFtrftesdfkuYW5pY2FjaGUubmV0L3VzZXIxMzQyL2M0YWZkZDMyNDlkMDE0OTk1YzNiODllMmZjMzkxZGRiL0VQLjMudjAuMTA4MHAubXA0P3Rva2VuPWFxQnRkREU3YUNHalU3ZENSeXB3aFEmZXhwaXJlcz0xNjU5MDAyNzg1JmlkPTE4OTM3OA==,20220728082003
kinsou-no-vermeil--gakeppuchi-majutsushi-wa-saikyou-no-yakusai-to-mahou-sekai-wo-tsukisusumu-0004.mp4,https://gogo-cdn.com/download.php?url=aHR0cHM6LyAawehyfcghysfdsDGDYdgdsfsdfwstdgdsgtert9AdrefsdsdfwerFrefdsfrersfdsrfer36343534jZG54MDIuYW5pY2FjaGUubmV0L3VzZXIxMzQyL2M0YWZkZDMyNDlkMDE0OTk1YzNiODllMmZjMzkxZGRiL0VQLjQudjAuMTY1ODg0ODIwNi4xMDgwcC5tcDQ/dG9rZW49TUd4N1JtcnZsN0ZnRndfX2FDQ3NLUSZleHBpcmVzPTE2NTkwMDI5NDMmaWQ9MTg5NjIx,20220728082003
20220728112610,overlord-iv-0001.mp4,https://gogo-cdn.com/download.php?url=aHR0cHM6LyAdrefsdsdfwerFrefdsfrersfdsrfer363435349AawehyfcghysfdsDGDYdgdsfsdfwstdgdsgtertjZG54MTAuYW5pY2FjaGUubmV0L3VzZXIxMzQyL2Q4Y2ZmNGE4MTE2Yzk4NzE2NjdkYWU0MTczODExZDc1L0VQLjEudjAuMTA4MHAubXA0P3Rva2VuPUUxV1hGaEpOMHB6Yi1MU2lENEVGQ0EmZXhwaXJlcz0xNjU5MDExMTIyJmlkPTE4ODc2OQ==
20220728112610,overlord-iv-0002.mp4,https://gogo-cdn.com/download.php?url=aHR0cHM6LyAawehyfcghysfdsDGDYdgdsfsdfwstdgdsgtert9URASDGHUSRFSJGYfdsffsderFStewthsfSFtrftesdfjZG54MDguYW5pY2FjaGUubmV0L3VzZXIxMzQyL2Q4Y2ZmNGE4MTE2Yzk4NzE2NjdkYWU0MTczODExZDc1L0VQLjIudjEuMTY1NzY4NTQwOC4xMDgwcC5tcDQ/dG9rZW49OUVYS0VHVGZrM3RvbTIwcGU1Q201ZyZleHBpcmVzPTE2NTkwMTEzNTMmaWQ9MTg5MDU3
20220728112610,overlord-iv-0003.mp4,https://gogo-cdn.com/download.php?url=aHR0cHM6LyURASDGHUSRFSJGYfdsffsderFStewthsfSFtrfteAawehyfcghysfdsDGDYdgdsfsdfwstdgdsgtertsdf9jZG54MDguYW5pY2FjaGUubmV0L3VzZXIxMzQyL2Q4Y2ZmNGE4MTE2Yzk4NzE2NjdkYWU0MTczODExZDc1L0VQLjMudjAuMTY1ODI0NDAwNi4xMDgwcC5tcDQ/dG9rZW49U2ZfaWl3dEU2MnB1dFJlT3BkVkpzQSZleHBpcmVzPTE2NTkwMTEyMjcmaWQ9MTg5Mzc3
20220728112610,overlord-iv-0004.mp4,https://gogo-cdn.com/download.php?url=aHR0cHM6LyAdeqwrwedffryretgsdFrsftrsvfsfsr9jZG54MDAawehyfcghysfdsDGDYdgdsfsdfwstdgdsgtertEuYW5pY2FjaGUubmV0L3VzZXIxMzQyL2Q4Y2ZmNGE4MTE2Yzk4NzE2NjdkYWU0MTczODExZDc1L0VQLjQudjAuMTY1ODg1MTgwNi4xMDgwcC5tcDQ/dG9rZW49bkx6d3hnNUxFVUxEc3F5YWU5V2FPZyZleHBpcmVzPTE2NTkwMDYxODAmaWQ9MTg5NjIw
20220728112610,hataraku-maou-sama!!-0001.mp4,https://gogo-cdn.com/download.php?url=aHR0cHM6LyURASDGHUSRFSJGYfdsffsderFStewthsfSFtrfteAdrefsdsdfwerFrefdsfrersfdsrfer36343534sdf9jZG54MTAuYW5pY2FjaGUubmV0L3VzZXIxMzQyL2EzNTBiYWJjZWU4OGQ3MTRmYjcxNTEyMGJlNjZmYmI2L0VQLjEudjEuMTA4MHAubXA0P3Rva2VuPW90bkRfaTh1S0VpeVFCdklJeWctTkEmZXhwaXJlcz0xNjU5MDExMjUzJmlkPTE4OTEyOQ==
20220728112610,hataraku-maou-sama!!-0002.mp4,https://gogo-cdn.com/download.php?url=aHR0cHM6LyAdeqwrwedffryretgsdFrsftrsvfsfsr9jZG54MDAawehyfcghysfdsDGDYdgdsfsdfwstdgdsgtertIuYW5pY2FjaGUubmV0L3VzZXIxMzQyL2EzNTBiYWJjZWU4OGQ3MTRmYjcxNTEyMGJlNjZmYmI2L0VQLjIudjAuMTY1ODQxNjgwNy4xMDgwcC5tcDQ/dG9rZW49dEhtclBrSU4xODJ4VWJBd043Q1VEQSZleHBpcmVzPTE2NTkwMTEyNjcmaWQ9MTg5NDQx
20220728112610,soredemo-ayumu-wa-yosetekuru-0001.mp4,https://gogo-cdn.com/download.php?url=aHR0cHM6LyAdrefsdsdfwerFrefdsfrersfdsrfer363435349AdeqwrwedffryretgsdFrsftrsvfsfsrjZG54MTAuYW5pY2FjaGUubmV0L3VzZXIxMzQyLzY2MDRkZjFkNjhlNzgyMzc4MGViZWMyM2ZiNmY2YzkwL0VQLjEudjAuMTA4MHAubXA0P3Rva2VuPXNmOXJDNGZMNmRZQ280ajZUdGdUOEEmZXhwaXJlcz0xNjU5MDExMzczJmlkPTE4ODg3OQ==
20220728112611,soredemo-ayumu-wa-yosetekuru-0002.mp4,https://gogo-cdn.com/download.php?url=aHR0cHM6LyAdeqwrwedffryretgsdFrsftrsvfsfsr9jZG54MTAdrefsdsdfwerFrefdsfrersfdsrfer36343534AuYW5pY2FjaGUubmV0L3VzZXIxMzQyLzY2MDRkZjFkNjhlNzgyMzc4MGViZWMyM2ZiNmY2YzkwL0VQLjIudjAuMTY1NzkwMzIwNy4xMDgwcC5tcDQ/dG9rZW49WjUwNzgwa2lqczByOWhhQXF1N2dqQSZleHBpcmVzPTE2NTkwMTE1NzEmaWQ9MTg5MTY5
20220728112611,soredemo-ayumu-wa-yosetekuru-0003.mp4,https://gogo-cdn.com/download.php?url=aHR0cHM6LyAawehyfcghysfdsDGDYdgdsfsdfwstdgdsgtert9URASDGHUSRFSJGYfdsffsderFStewthsfSFtrftesdfjZG54MDUuYW5pY2FjaGUubmV0L3VzZXIxMzQyLzY2MDRkZjFkNjhlNzgyMzc4MGViZWMyM2ZiNmY2YzkwL0VQLjMudjAuMTY1ODUwOTIwNy4xMDgwcC5tcDQ/dG9rZW49RFBXSXpmZy01WFlfVXlJdWVSY0NzZyZleHBpcmVzPTE2NTkwMTE0NTQmaWQ9MTg5NDg0
20220728112611,kanojo.-okarishimasu-2nd-season-0001.mp4,https://gogo-cdn.com/download.php?url=aHR0cHM6LyAdrefsdsdfwerFrefdsfrersfdsrfer363435349AdeqwrwedffryretgsdFrsftrsvfsfsrjZG54MDEuYW5pY2FjaGUubmV0L3VzZXIxMzQyLzdkYjVkMjhlNTk1NDAxNzAzMjdiZDE2ODc2YWVmNTM1L0VQLjEudjEuMTA4MHAubXA0P3Rva2VuPVNLV1VFVGxBcWJuME11c09SUng4MVEmZXhwaXJlcz0xNjU5MDExNTE5JmlkPTE4ODY0MA==
20220728112611,kanojo.-okarishimasu-2nd-season-0002.mp4,https://gogo-cdn.com/download.php?url=aHR0cHM6LyAdeqwrwedffryretgsdFrsftrsvfsfsr9jZG54MDAdrefsdsdfwerFrefdsfrersfdsrfer36343534QuYW5pY2FjaGUubmV0L3VzZXIxMzQyLzdkYjVkMjhlNTk1NDAxNzAzMjdiZDE2ODc2YWVmNTM1L0VQLjIudjEuMTA4MHAubXA0P3Rva2VuPWg5Um00UFUxUUdJZzFTQ2tHN1FmdGcmZXhwaXJlcz0xNjU5MDExNjgwJmlkPTE4ODg4Mw==
20220728112611,kanojo.-okarishimasu-2nd-season-0003.mp4,https://gogo-cdn.com/download.php?url=aHR0cHM6LyAdeqwrwedffryretgsdFrsftrsvfsfsr9jZG54MDAdrefsdsdfwerFrefdsfrersfdsrfer36343534cuYW5pY2FjaGUubmV0L3VzZXIxMzQyLzdkYjVkMjhlNTk1NDAxNzAzMjdiZDE2ODc2YWVmNTM1L0VQLjMudjEuMTY1NzkxMjgwNy4xMDgwcC5tcDQ/dG9rZW49VmNvV3RiLXdHLWpfdXN2UEZYRVh2USZleHBpcmVzPTE2NTkwMTE3MjUmaWQ9MTg5MTg2
20220728112611,kanojo.-okarishimasu-2nd-season-0004.mp4,https://gogo-cdn.com/download.php?url=aHR0cHM6LyAdrefsdsdfwerFrefdsfrersfdsrfer363435349AawehyfcghysfdsDGDYdgdsfsdfwstdgdsgtertjZG54MDkuYW5pY2FjaGUubmV0L3VzZXIxMzQyLzdkYjVkMjhlNTk1NDAxNzAzMjdiZDE2ODc2YWVmNTM1L0VQLjQudjEuMTY1ODUxOTQxMi4xMDgwcC5tcDQ/dG9rZW49R1ExejBHQThKR0xaRGJaUDRuVVhiQSZleHBpcmVzPTE2NTkwMTE2NTYmaWQ9MTg5NDg4
20220728112611,kuro-no-shoukanshi-0001.mp4,https://gogo-cdn.com/download.php?url=aHR0cHM6LyAawehyfcghysfdsDGDYdgdsfsdfwstdgdsgtert9AdrefsdsdfwerFrefdsfrersfdsrfer36343534jZG54MDMuYW5pY2FjaGUubmV0L3VzZXIxMzQyLzRlMmU3MTZiOWNlNWZmMmRlOGI2YTk1YTVlY2Y5MzdmL0VQLjEudjAuMTA4MHAubXA0P3Rva2VuPUpMYXdOUlVlS0Z3X3F2T2k1bFJ0UGcmZXhwaXJlcz0xNjU5MDExOTI1JmlkPTE4ODkzMg==
20220728112611,kuro-no-shoukanshi-0002.mp4,https://gogo-cdn.com/download.php?url=aHR0cHM6LyAdrefsdsdfwerFrefdsfrersfdsrfer363435349AawehyfcghysfdsDGDYdgdsfsdfwstdgdsgtertjZG54MDUuYW5pY2FjaGUubmV0L3VzZXIxMzQyLzRlMmU3MTZiOWNlNWZmMmRlOGI2YTk1YTVlY2Y5MzdmL0VQLjIudjAuMTY1Nzk4NjAwNy4xMDgwcC5tcDQ/dG9rZW49RDJzRFFENDl3OXNEbTRGUmZveFpsZyZleHBpcmVzPTE2NTkwMTE4NDUmaWQ9MTg5MjU0
20220728112611,kuro-no-shoukanshi-0003.mp4,https://gogo-cdn.com/download.php?url=aHR0cHM6LyAdrefsdsdfwerFrefdsfrersfdsrfer363435349AawehyfcghysfdsDGDYdgdsfsdfwstdgdsgtertjZG54MDguYW5pY2FjaGUubmV0L3VzZXIxMzQyLzRlMmU3MTZiOWNlNWZmMmRlOGI2YTk1YTVlY2Y5MzdmL0VQLjMudjAuMTY1ODU4ODQwNy4xMDgwcC5tcDQ/dG9rZW49OE5NWXRRTS1WSGEyRGI1SjdJMEwzdyZleHBpcmVzPTE2NTkwMTE2ODQmaWQ9MTg5NTE3
20220728112611,saikin-yatotta-maid-ga-ayashii-0001.mp4,https://gogo-cdn.com/download.php?url=aHR0cHM6LyURASDGHUSRFSJGYfdsffsderFStewthsfSFtrfteAawehyfcghysfdsDGDYdgdsfsdfwstdgdsgtertsdf9jZG54MDguYW5pY2FjaGUubmV0L3VzZXIxMzQyL2FhMmNjOWNlNmE5ZTIzN2UyMjE4MWRjNDI3OGE4ODNmL0VQLjEudjIuMTY1ODYyMzIwNy4xMDgwcC5tcDQ/dG9rZW49Y055RHlGMXBYMDY2UUd5cGRSYTI3QSZleHBpcmVzPTE2NTkwMTIwNzUmaWQ9MTg5NTI3
20220728112611,isekai-yakkyoku-0001.mp4,https://gogo-cdn.com/download.php?url=aHR0cHM6LyURASDGHUSRFSJGYfdsffsderFStewthsfSFtrfteAdeqwrwedffryretgsdFrsftrsvfsfsrsdf9jZG54MDMuYW5pY2FjaGUubmV0L3VzZXIxMzQyLzZhN2I3MzUzYjMyZWJiYTRmMzU5ZWExODRhYjlkZjZjL0VQLjEudjAuMTA4MHAubXA0P3Rva2VuPVZIbUhBOHpVdnJ3b2VHdkx1c2g0OXcmZXhwaXJlcz0xNjU5MDEyMTk5JmlkPTE4ODk4Mg==
20220728112611,isekai-yakkyoku-0002.mp4,https://gogo-cdn.com/download.php?url=aHR0cHM6LyURASDGHUSRFSJGYfdsffsderFStewthsfSFtrfteAdrefsdsdfwerFrefdsfrersfdsrfer36343534sdf9jZG54MDIuYW5pY2FjaGUubmV0L3VzZXIxMzQyLzZhN2I3MzUzYjMyZWJiYTRmMzU5ZWExODRhYjlkZjZjL0VQLjIudjAuMTY1ODA2NzAwNi4xMDgwcC5tcDQ/dG9rZW49YVhOUE91X21uMnlZU3hhb2MyNWpQdyZleHBpcmVzPTE2NTkwMTIwMjEmaWQ9MTg5Mjgx
20220728112611,isekai-yakkyoku-0003.mp4,https://gogo-cdn.com/download.php?url=aHR0cHM6LyAdrefsdsdfwerFrefdsfrersfdsrfer363435349AdeqwrwedffryretgsdFrsftrsvfsfsrjZG54MDIuYW5pY2FjaGUubmV0L3VzZXIxMzQyLzZhN2I3MzUzYjMyZWJiYTRmMzU5ZWExODRhYjlkZjZjL0VQLjMudjAuMTY1ODY3NDgxMC4xMDgwcC5tcDQ/dG9rZW49WlRMeUNEM3ZjczMzRVlHY1lWR3ZaUSZleHBpcmVzPTE2NTkwMTIxODQmaWQ9MTg5NTUx
20220728112611,tensei-kenja-no-isekai-life--dai-2-no-shokugyou-wo-ete.-sekai-saikyou-ni-narimashita-0001.mp4,https://gogo-cdn.com/download.php?url=aHR0cHM6LyAdeqwrwedffryretgsdFrsftrsvfsfsr9jZG54MDURASDGHUSRFSJGYfdsffsderFStewthsfSFtrftesdfUuYW5pY2FjaGUubmV0L3VzZXIxMzQyLzkxZTljYWM2YWJjZjdlOWJhNDdjZmNlYTk4NGE1MzliL0VQLjEudjEuMTA4MHAubXA0P3Rva2VuPXhhNGRqOUdLSndSc2EzbnlmLWt2bXcmZXhwaXJlcz0xNjU5MDEyMTEyJmlkPTE4ODc0NA==
20220728112611,tensei-kenja-no-isekai-life--dai-2-no-shokugyou-wo-ete.-sekai-saikyou-ni-narimashita-0002.mp4,https://gogo-cdn.com/download.php?url=aHR0cHM6LyURASDGHUSRFSJGYfdsffsderFStewthsfSFtrfteAawehyfcghysfdsDGDYdgdsfsdfwstdgdsgtertsdf9jZG54MDYuYW5pY2FjaGUubmV0L3VzZXIxMzQyLzkxZTljYWM2YWJjZjdlOWJhNDdjZmNlYTk4NGE1MzliL0VQLjIudjEuMTA4MHAubXA0P3Rva2VuPW1EalRFd3JMNTZJekVOTjJLdDNQY3cmZXhwaXJlcz0xNjU5MDEyMjI1JmlkPTE4ODc0NQ==
20220728112611,tensei-kenja-no-isekai-life--dai-2-no-shokugyou-wo-ete.-sekai-saikyou-ni-narimashita-0003.mp4,https://gogo-cdn.com/download.php?url=aHR0cHM6LyAdrefsdsdfwerFrefdsfrersfdsrfer363435349AawehyfcghysfdsDGDYdgdsfsdfwstdgdsgtertjZG54MTAuYW5pY2FjaGUubmV0L3VzZXIxMzQyLzkxZTljYWM2YWJjZjdlOWJhNDdjZmNlYTk4NGE1MzliL0VQLjMudjAuMTA4MHAubXA0P3Rva2VuPWgyOWJrOXhNV3NhUGpwVFFXamRlUGcmZXhwaXJlcz0xNjU5MDEyMzI1JmlkPTE4OTAyOQ==
20220728112611,tensei-kenja-no-isekai-life--dai-2-no-shokugyou-wo-ete.-sekai-saikyou-ni-narimashita-0004.mp4,https://gogo-cdn.com/download.php?url=aHR0cHM6LyURASDGHUSRFSJGYfdsffsderFStewthsfSFtrfteAdrefsdsdfwerFrefdsfrersfdsrfer36343534sdf9jZG54MDYuYW5pY2FjaGUubmV0L3VzZXIxMzQyLzkxZTljYWM2YWJjZjdlOWJhNDdjZmNlYTk4NGE1MzliL0VQLjQudjAuMTY1ODE2MTIwNS4xMDgwcC5tcDQ/dG9rZW49bG5CNXdFWlMzbWlwSmtIVU1ZY3JPdyZleHBpcmVzPTE2NTkwMTIwNTEmaWQ9MTg5MzE1
20220728112611,tensei-kenja-no-isekai-life--dai-2-no-shokugyou-wo-ete.-sekai-saikyou-ni-narimashita-0005.mp4,https://gogo-cdn.com/download.php?url=aHR0cHM6LyAawehyfcghysfdsDGDYdgdsfsdfwstdgdsgtert9URASDGHUSRFSJGYfdsffsderFStewthsfSFtrftesdfjZG54MDQuYW5pY2FjaGUubmV0L3VzZXIxMzQyLzkxZTljYWM2YWJjZjdlOWJhNDdjZmNlYTk4NGE1MzliL0VQLjUudjAuMTY1ODc1NDAwNy4xMDgwcC5tcDQ/dG9rZW49SkJxa1hmQ2w5dU9XMXg5MUFlS2taUSZleHBpcmVzPTE2NTkwMTIxMTMmaWQ9MTg5NTgz
20220728112611,youkoso-jitsuryoku-shijou-shugi-no-kyoushitsu-e-(tv)-2nd-season-0001.mp4,https://gogo-cdn.com/download.php?url=aHR0cHM6LyURASDGHUSRFSJGYfdsffsderFStewthsfSFtrfteAawehyfcghysfdsDGDYdgdsfsdfwstdgdsgtertsdf9jZG54MDcuYW5pY2FjaGUubmV0L3VzZXIxMzQyLzZjM2E0ODExMzIwMjYzZjAxNzlkYTk4NTdlOTFiYWZiL0VQLjEudjEuMTA4MHAubXA0P3Rva2VuPTk0MVdHY2p0dmVGSUp0aXlNa0x4eHcmZXhwaXJlcz0xNjU5MDEyNTc3JmlkPTE4ODc0Ng==
20220728112611,youkoso-jitsuryoku-shijou-shugi-no-kyoushitsu-e-(tv)-2nd-season-0002.mp4,https://gogo-cdn.com/download.php?url=aHR0cHM6LyAawehyfcghysfdsDGDYdgdsfsdfwstdgdsgtert9AdeqwrwedffryretgsdFrsftrsvfsfsrjZG54MDMuYW5pY2FjaGUubmV0L3VzZXIxMzQyLzZjM2E0ODExMzIwMjYzZjAxNzlkYTk4NTdlOTFiYWZiL0VQLjIudjAuMTA4MHAubXA0P3Rva2VuPTRXS3hPdkRDbFh6OGVwemVGMk1qblEmZXhwaXJlcz0xNjU5MDEyNTcwJmlkPTE4OTAzMg==
20220728112611,youkoso-jitsuryoku-shijou-shugi-no-kyoushitsu-e-(tv)-2nd-season-0003.mp4,https://gogo-cdn.com/download.php?url=aHR0cHM6LyAawehyfcghysfdsDGDYdgdsfsdfwstdgdsgtert9URASDGHUSRFSJGYfdsffsderFStewthsfSFtrftesdfjZG54MDcuYW5pY2FjaGUubmV0L3VzZXIxMzQyLzZjM2E0ODExMzIwMjYzZjAxNzlkYTk4NTdlOTFiYWZiL0VQLjMudjAuMTA4MHAubXA0P3Rva2VuPWtmaG1MR21MLVJ3bE1vOFFza1gtVGcmZXhwaXJlcz0xNjU5MDEyNTA0JmlkPTE4OTMxNg==
20220728112611,youkoso-jitsuryoku-shijou-shugi-no-kyoushitsu-e-(tv)-2nd-season-0004.mp4,https://gogo-cdn.com/download.php?url=aHR0cHM6LyAdeqwrwedffryretgsdFrsftrsvfsfsr9jZG54MDURASDGHUSRFSJGYfdsffsderFStewthsfSFtrftesdfcuYW5pY2FjaGUubmV0L3VzZXIxMzQyLzZjM2E0ODExMzIwMjYzZjAxNzlkYTk4NTdlOTFiYWZiL0VQLjQudjEuMTY1ODc1NzYwOS4xMDgwcC5tcDQ/dG9rZW49SVN5UUQ2WmZ1M3J4SzFXZ2FUelladyZleHBpcmVzPTE2NTkwMTIzMTMmaWQ9MTg5NTg2
20220728112611,jashin-chan-dropkick-X-0001.mp4,https://gogo-cdn.com/download.php?url=aHR0cHM6LyAdeqwrwedffryretgsdFrsftrsvfsfsr9jZG54MDAawehyfcghysfdsDGDYdgdsfsdfwstdgdsgtertIuYW5pY2FjaGUubmV0L3VzZXIxMzQyL2IyNmFhOTJjNzMyN2ViMmNjOTUyY2Y4NjdlZDZiMDY2L0VQLjEudjAuMTA4MHAubXA0P3Rva2VuPWNCTkd2WGVHTFdTQ2t5amZGdUtGd3cmZXhwaXJlcz0xNjU5MDEyNjg4JmlkPTE4ODc3MQ==
20220728112611,jashin-chan-dropkick-X-0002.mp4,https://gogo-cdn.com/download.php?url=aHR0cHM6LyAdrefsdsdfwerFrefdsfrersfdsrfer363435349URASDGHUSRFSJGYfdsffsderFStewthsfSFtrftesdfjZG54MTAuYW5pY2FjaGUubmV0L3VzZXIxMzQyL2IyNmFhOTJjNzMyN2ViMmNjOTUyY2Y4NjdlZDZiMDY2L0VQLjIudjEuMTY1NzY4NTQwOC4xMDgwcC5tcDQ/dG9rZW49c3kzelpOUGh4Tmt2N244dzctX2xrUSZleHBpcmVzPTE2NTkwMTI2NjkmaWQ9MTg5MDU5
20220728112611,jashin-chan-dropkick-X-0003.mp4,https://gogo-cdn.com/download.php?url=aHR0cHM6LyAdrefsdsdfwerFrefdsfrersfdsrfer363435349AdeqwrwedffryretgsdFrsftrsvfsfsrjZG54MDEuYW5pY2FjaGUubmV0L3VzZXIxMzQyL2IyNmFhOTJjNzMyN2ViMmNjOTUyY2Y4NjdlZDZiMDY2L0VQLjMudjIuMTY1ODI1NjYwNy4xMDgwcC5tcDQ/dG9rZW49RXZmZUNxSUItaUFBMWhCZXBUY3ZSQSZleHBpcmVzPTE2NTkwMTI3MTkmaWQ9MTg5Mzgw
20220729004942,,
